productId,lowPrice,midPrice,highPrice,market_price,directLowPrice,subTypeName,card_name,pulled_at
593294,13.99,15.99,124.8,15.07,,Normal,Prismatic Evolutions Booster Pack,2026-08-17 05:05:41.093520
593324,456.49,559.99,9999.0,456.54,,Normal,Prismatic Evolutions Pokemon Center Elite Trainer Box (Exclusive),2026-08-17 05:05:41.093520
593355,158.0,199.99,1719.5,169.57,,Normal,Prismatic Evolutions Elite Trainer Box,2026-08-17 05:05:41.093520
593356,104.88,119.98,1199.99,112.91,,Normal,Prismatic Evolutions Binder Collection,2026-08-17 05:05:41.093520
593359,37.5,45.0,499.99,40.26,,Normal,Prismatic Evolutions Poster Collection,2026-08-17 05:05:41.093520
593450,34.99,48.0,149.99,41.66,,Normal,Prismatic Evolutions Tech Sticker Collection [Sylveon],2026-08-17 05:05:41.093520
593451,39.95,48.97,149.99,42.82,,Normal,Prismatic Evolutions Tech Sticker Collection [Glaceon],2026-08-17 05:05:41.093520
593453,35.29,44.5,149.99,41.14,,Normal,Prismatic Evolutions Tech Sticker Collection [Leafeon],2026-08-17 05:05:41.093520
593455,33.99,43.95,100.0,38.27,,Normal,Prismatic Evolutions Mini Tin [Vaporeon],2026-08-17 05:05:41.093520
593456,31.99,35.5,100.0,34.15,,Normal,Prismatic Evolutions Mini Tin [Jolteon],2026-08-17 05:05:41.093520
593457,27.89,35.5,499.99,32.37,,Normal,Prismatic Evolutions Mini Tin [Flareon],2026-08-17 05:05:41.093520
593458,36.94,39.26,100.0,38.56,,Normal,Prismatic Evolutions Mini Tin [Espeon],2026-08-17 05:05:41.093520
593459,31.99,42.99,100.0,41.31,,Normal,Prismatic Evolutions Mini Tin [Umbreon],2026-08-17 05:05:41.093520
593460,33.95,37.99,50.0,34.7,,Normal,Prismatic Evolutions Mini Tin [Leafeon],2026-08-17 05:05:41.093520
593461,31.53,41.44,100.0,35.08,,Normal,Prismatic Evolutions Mini Tin [Glaceon],2026-08-17 05:05:41.093520
593462,39.99,41.99,75.0,40.82,,Normal,Prismatic Evolutions Mini Tin [Sylveon],2026-08-17 05:05:41.093520
593463,244.02,259.95,425.0,253.74,,Normal,Prismatic Evolutions Mini Tin Display,2026-08-17 05:05:41.093520
593466,54.97,75.0,5000.0,68.53,,Normal,Prismatic Evolutions Surprise Box,2026-08-17 05:05:41.093520
598470,435.0,515.58,800.0,404.72,,Normal,Prismatic Evolutions Surprise Box Case,2026-08-17 05:05:41.093520
598486,239.97,247.61,350.0,246.98,,Normal,Prismatic Evolutions Poster Collection Case,2026-08-17 05:05:41.093520
598487,1872.5,2349.67,4000.0,1886.58,,Normal,Prismatic Evolutions Elite Trainer Box Case,2026-08-17 05:05:41.093520
598488,1200.0,1200.0,1200.0,530.0,,Normal,Prismatic Evolutions  Binder Collection Case,2026-08-17 05:05:41.093520
598489,600.0,610.0,923.99,462.63,,Normal,Prismatic Evolutions Tech Sticker Collection Case,2026-08-17 05:05:41.093520
598490,120.0,139.99,900.0,126.18,,Normal,Prismatic Evolutions Tech Sticker Collection [Set of 3],2026-08-17 05:05:41.093520
600518,82.0,100.0,4999.99,86.39,,Normal,Prismatic Evolutions Booster Bundle,2026-08-17 05:05:41.093520
600697,2598.99,3500.0,20000.0,2680.77,,Normal,Prismatic Evolutions Pokemon Center Elite Trainer Box (Exclusive) Case,2026-08-17 05:05:41.093520
606881,50.45,88.1,1499.99,77.85,,Normal,Prismatic Evolutions Accessory Pouch Special Collection,2026-08-17 05:05:41.093520
609716,34.44,38.0,499.99,37.39,,Normal,Prismatic Evolutions 2-Pack Blister [Eevee],2026-08-17 05:05:41.093520
610317,1884.95,2049.95,3669.69,1715.21,,Normal,Prismatic Evolutions Booster Bundle Display,2026-08-17 05:05:41.093520
610356,0.01,0.15,999.0,0.07,0.01,Normal,Exeggcute,2026-08-17 05:05:41.093520
610356,0.01,0.19,999.0,0.12,0.01,Reverse Holofoil,Exeggcute,2026-08-17 05:05:41.093520
610357,0.01,0.15,999.0,0.04,0.01,Normal,Exeggutor,2026-08-17 05:05:41.093520
610357,0.03,0.22,999.0,0.22,0.1,Reverse Holofoil,Exeggutor,2026-08-17 05:05:41.093520
610358,0.01,0.18,999.0,0.1,0.01,Reverse Holofoil,Pinsir,2026-08-17 05:05:41.093520
610358,0.01,0.15,999.0,0.04,0.01,Normal,Pinsir,2026-08-17 05:05:41.093520
610359,0.01,0.28,999.0,0.28,0.26,Reverse Holofoil,Budew,2026-08-17 05:05:41.093520
610359,0.01,0.24,999.0,0.24,0.1,Normal,Budew,2026-08-17 05:05:41.093520
610360,0.01,0.44,999.0,0.47,0.4,Reverse Holofoil,Leafeon,2026-08-17 05:05:41.093520
610360,0.01,0.32,999.0,0.29,0.33,Holofoil,Leafeon,2026-08-17 05:05:41.093520
610361,3.0,4.86,999.0,4.91,19.9,Holofoil,Leafeon ex - 006/131,2026-08-17 05:05:41.093520
610362,0.01,0.15,999.0,0.07,0.01,Normal,Cottonee,2026-08-17 05:05:41.093520
610362,0.01,0.2,999.0,0.16,0.1,Reverse Holofoil,Cottonee,2026-08-17 05:05:41.093520
610363,0.01,0.17,999.0,0.09,0.01,Holofoil,Whimsicott,2026-08-17 05:05:41.093520
610363,0.02,0.21,999.0,0.2,0.1,Reverse Holofoil,Whimsicott,2026-08-17 05:05:41.093520
610364,0.01,0.15,999.0,0.08,0.01,Normal,Applin,2026-08-17 05:05:41.093520
610364,0.01,0.21,999.0,0.18,0.1,Reverse Holofoil,Applin,2026-08-17 05:05:41.093520
610365,0.03,0.25,999.0,0.25,0.24,Reverse Holofoil,Dipplin,2026-08-17 05:05:41.093520
610365,0.01,0.19,999.0,0.16,0.05,Normal,Dipplin,2026-08-17 05:05:41.093520
610366,0.4,1.0,999.0,0.92,,Holofoil,Hydrapple ex,2026-08-17 05:05:41.093520
610367,1.0,2.92,9992.22,2.13,3.17,Holofoil,Teal Mask Ogerpon ex - 012/131,2026-08-17 05:05:41.093520
610368,0.01,0.35,999.0,0.34,0.35,Holofoil,Flareon,2026-08-17 05:05:41.093520
610368,0.03,0.4,999.0,0.44,,Reverse Holofoil,Flareon,2026-08-17 05:05:41.093520
610369,3.22,5.35,999.0,4.49,6.34,Holofoil,Flareon ex - 014/131,2026-08-17 05:05:41.093520
610370,0.01,0.19,999.0,0.12,0.01,Reverse Holofoil,Litleo,2026-08-17 05:05:41.093520
610370,0.01,0.15,999.0,0.05,0.01,Normal,Litleo,2026-08-17 05:05:41.093520
610371,0.01,0.2,999.0,0.2,0.11,Reverse Holofoil,Pyroar,2026-08-17 05:05:41.093520
610371,0.01,0.15,999.0,0.06,0.01,Normal,Pyroar,2026-08-17 05:05:41.093520
610372,0.4,0.82,9999.0,0.58,0.65,Holofoil,Hearthflame Mask Ogerpon ex - 017/131,2026-08-17 05:05:41.093520
610373,0.01,0.22,999.0,0.2,0.1,Reverse Holofoil,Slowpoke,2026-08-17 05:05:41.093520
610373,0.01,0.15,999.0,0.1,0.01,Normal,Slowpoke,2026-08-17 05:05:41.093520
610374,0.04,0.25,999.0,0.25,0.15,Reverse Holofoil,Slowking,2026-08-17 05:05:41.093520
610374,0.01,0.17,999.0,0.15,0.01,Normal,Slowking,2026-08-17 05:05:41.093520
610375,0.01,0.21,999.0,0.2,0.1,Reverse Holofoil,Goldeen,2026-08-17 05:05:41.093520
610375,0.01,0.15,999.0,0.1,0.01,Normal,Goldeen,2026-08-17 05:05:41.093520
610376,0.04,0.25,999.0,0.25,0.24,Reverse Holofoil,Seaking,2026-08-17 05:05:41.093520
610376,0.01,0.18,999.0,0.16,0.01,Normal,Seaking,2026-08-17 05:05:41.093520
610377,0.04,0.35,999.0,0.31,0.35,Holofoil,Vaporeon,2026-08-17 05:05:41.093520
610377,0.09,0.43,999.0,0.44,0.42,Reverse Holofoil,Vaporeon,2026-08-17 05:05:41.093520
610378,2.19,3.51,999.0,3.49,,Holofoil,Vaporeon ex - 023/131,2026-08-17 05:05:41.093520
610379,0.02,0.23,999.0,0.2,0.1,Reverse Holofoil,Suicune,2026-08-17 05:05:41.093520
610379,0.01,0.15,999.0,0.14,0.01,Normal,Suicune,2026-08-17 05:05:41.093520
610380,0.01,0.35,999.0,0.3,0.41,Holofoil,Glaceon,2026-08-17 05:05:41.093520
610380,0.09,0.4,999.0,0.39,,Reverse Holofoil,Glaceon,2026-08-17 05:05:41.093520
610381,1.4,2.99,9999.0,2.65,,Holofoil,Glaceon ex - 026/131,2026-08-17 05:05:41.093520
610382,0.5,0.91,999.0,0.8,1.19,Holofoil,Wellspring Mask Ogerpon ex - 027/131,2026-08-17 05:05:41.093520
610383,1.49,2.92,999.0,2.65,,Holofoil,Pikachu ex - 028/131,2026-08-17 05:05:41.093520
610384,0.07,0.34,999.0,0.34,0.35,Holofoil,Jolteon,2026-08-17 05:05:41.093520
610384,0.1,0.4,999.0,0.43,0.44,Reverse Holofoil,Jolteon,2026-08-17 05:05:41.093520
610385,2.74,4.45,999.0,4.41,11.99,Holofoil,Jolteon ex - 030/131,2026-08-17 05:05:41.093520
610386,0.3,0.83,999.0,0.61,0.73,Holofoil,Iron Hands ex - 031/131,2026-08-17 05:05:41.093520
610387,0.39,0.85,999.0,0.71,0.83,Holofoil,Iron Thorns ex,2026-08-17 05:05:41.093520
610388,0.15,0.5,999.0,0.49,0.58,Reverse Holofoil,Espeon,2026-08-17 05:05:41.093520
610388,0.09,0.41,999.0,0.37,,Holofoil,Espeon,2026-08-17 05:05:41.093520
610389,2.04,4.31,999.0,3.91,3.99,Holofoil,Espeon ex - 034/131,2026-08-17 05:05:41.093520
610390,0.01,0.2,999.0,0.16,0.1,Normal,Duskull,2026-08-17 05:05:41.093520
610390,0.01,0.27,999.0,0.28,0.25,Reverse Holofoil,Duskull,2026-08-17 05:05:41.093520
610391,0.01,0.26,999.0,0.26,,Reverse Holofoil,Dusclops,2026-08-17 05:05:41.093520
610391,0.01,0.2,999.0,0.15,0.1,Normal,Dusclops,2026-08-17 05:05:41.093520
610392,0.03,0.29,999.0,0.27,,Reverse Holofoil,Dusknoir,2026-08-17 05:05:41.093520
610392,0.03,0.26,999.0,0.24,0.25,Holofoil,Dusknoir,2026-08-17 05:05:41.093520
610393,0.01,0.19,999.0,0.16,0.08,Reverse Holofoil,Spritzee,2026-08-17 05:05:41.093520
610393,0.01,0.15,999.0,0.04,0.01,Normal,Spritzee,2026-08-17 05:05:41.093520
610394,0.03,0.21,999.0,0.2,0.04,Reverse Holofoil,Aromatisse,2026-08-17 05:05:41.093520
610394,0.01,0.15,999.0,0.04,0.01,Normal,Aromatisse,2026-08-17 05:05:41.093520
610395,0.1,0.37,999.0,0.35,0.46,Holofoil,Sylveon,2026-08-17 05:05:41.093520
610395,0.1,0.53,999.0,0.61,0.75,Reverse Holofoil,Sylveon,2026-08-17 05:05:41.093520
610396,1.99,3.2,9999.0,3.62,,Holofoil,Sylveon ex - 041/131,2026-08-17 05:05:41.093520
610397,0.01,0.15,999.0,0.07,0.01,Normal,Scream Tail,2026-08-17 05:05:41.093520
610397,0.01,0.25,999.0,0.25,0.15,Reverse Holofoil,Scream Tail,2026-08-17 05:05:41.093520
610398,0.01,0.18,999.0,0.12,0.01,Holofoil,Flutter Mane,2026-08-17 05:05:41.093520
610398,0.01,0.2,999.0,0.19,0.01,Reverse Holofoil,Flutter Mane,2026-08-17 05:05:41.093520
610399,0.1,0.35,999.0,0.36,,Reverse Holofoil,Munkidori,2026-08-17 05:05:41.093520
610399,0.05,0.29,999.0,0.27,0.26,Holofoil,Munkidori,2026-08-17 05:05:41.093520
610400,0.01,0.18,999.0,0.1,0.01,Holofoil,Fezandipiti,2026-08-17 05:05:41.093520
610400,0.01,0.21,999.0,0.2,0.1,Reverse Holofoil,Fezandipiti,2026-08-17 05:05:41.093520
610401,0.05,0.21,999.0,0.2,0.1,Reverse Holofoil,Iron Boulder,2026-08-17 05:05:41.093520
610401,0.01,0.18,999.0,0.12,0.07,Holofoil,Iron Boulder,2026-08-17 05:05:41.093520
610402,0.01,0.15,999.0,0.09,0.01,Normal,Larvitar,2026-08-17 05:05:41.093520
610402,0.01,0.2,999.0,0.18,0.01,Reverse Holofoil,Larvitar,2026-08-17 05:05:41.093520
610403,0.02,0.2,999.0,0.15,0.02,Reverse Holofoil,Pupitar,2026-08-17 05:05:41.093520
610403,0.01,0.15,999.0,0.07,0.01,Normal,Pupitar,2026-08-17 05:05:41.093520
610404,0.01,0.2,999.0,0.19,0.1,Reverse Holofoil,Groudon,2026-08-17 05:05:41.093520
610404,0.01,0.17,999.0,0.14,0.01,Holofoil,Groudon,2026-08-17 05:05:41.093520
610405,0.01,0.25,999.0,0.27,0.15,Reverse Holofoil,Riolu,2026-08-17 05:05:41.093520
610405,0.01,0.18,999.0,0.17,0.05,Normal,Riolu,2026-08-17 05:05:41.093520
610406,0.39,0.9,999.0,0.69,0.98,Holofoil,Lucario ex,2026-08-17 05:05:41.093520
610407,0.01,0.15,999.0,0.05,0.01,Normal,Hippopotas,2026-08-17 05:05:41.093520
610407,0.01,0.17,999.0,0.07,0.01,Reverse Holofoil,Hippopotas,2026-08-17 05:05:41.093520
610408,0.01,0.2,999.0,0.17,0.04,Reverse Holofoil,Hippowdon,2026-08-17 05:05:41.093520
610408,0.01,0.15,999.0,0.09,0.01,Normal,Hippowdon,2026-08-17 05:05:41.093520
610409,0.01,0.2,999.0,0.16,0.1,Holofoil,Bloodmoon Ursaluna,2026-08-17 05:05:41.093520
610409,0.03,0.23,999.0,0.22,0.15,Reverse Holofoil,Bloodmoon Ursaluna,2026-08-17 05:05:41.093520
610410,0.01,0.2,999.0,0.18,0.1,Reverse Holofoil,Great Tusk,2026-08-17 05:05:41.093520
610410,0.01,0.15,999.0,0.05,0.01,Normal,Great Tusk,2026-08-17 05:05:41.093520
610411,0.25,0.8,999.0,0.5,,Holofoil,Sandy Shocks ex - 056/131,2026-08-17 05:05:41.093520
610412,0.01,0.17,999.0,0.07,0.01,Holofoil,Okidogi,2026-08-17 05:05:41.093520
610412,0.01,0.21,999.0,0.2,0.1,Reverse Holofoil,Okidogi,2026-08-17 05:05:41.093520
610413,0.5,1.0,999.0,1.06,,Holofoil,Cornerstone Mask Ogerpon ex - 058/131,2026-08-17 05:05:41.093520
610414,0.09,0.47,999.0,0.46,1.24,Holofoil,Umbreon,2026-08-17 05:05:41.093520
610414,0.25,0.68,999.0,0.8,0.99,Reverse Holofoil,Umbreon,2026-08-17 05:05:41.093520
610415,6.0,8.3,5000.0,7.79,11.48,Holofoil,Umbreon ex - 060/131,2026-08-17 05:05:41.093520
610416,0.01,0.15,999.0,0.04,0.01,Normal,Sneasel,2026-08-17 05:05:41.093520
610416,0.03,0.2,999.0,0.19,0.05,Reverse Holofoil,Sneasel,2026-08-17 05:05:41.093520
610417,0.01,0.2,999.0,0.19,0.1,Reverse Holofoil,Houndour,2026-08-17 05:05:41.093520
610417,0.01,0.15,999.0,0.14,0.01,Normal,Houndour,2026-08-17 05:05:41.093520
610418,0.01,0.15,999.0,0.09,0.01,Normal,Houndoom,2026-08-17 05:05:41.093520
610418,0.05,0.22,999.0,0.2,0.07,Reverse Holofoil,Houndoom,2026-08-17 05:05:41.093520
610419,0.35,0.81,999.0,0.61,0.99,Holofoil,Tyranitar ex,2026-08-17 05:05:41.093520
610420,0.03,0.22,999.0,0.22,0.14,Reverse Holofoil,Roaring Moon,2026-08-17 05:05:41.093520
610420,0.01,0.2,999.0,0.2,0.1,Holofoil,Roaring Moon,2026-08-17 05:05:41.093520
610421,0.01,0.18,999.0,0.12,0.01,Reverse Holofoil,Bronzor,2026-08-17 05:05:41.093520
610421,0.01,0.15,999.0,0.05,0.01,Normal,Bronzor,2026-08-17 05:05:41.093520
610422,0.01,0.15,999.0,0.05,0.01,Normal,Bronzong,2026-08-17 05:05:41.093520
610422,0.03,0.2,999.0,0.19,0.1,Reverse Holofoil,Bronzong,2026-08-17 05:05:41.093520
610423,0.02,0.2,999.0,0.15,0.1,Reverse Holofoil,Heatran,2026-08-17 05:05:41.093520
610423,0.01,0.15,999.0,0.06,0.01,Normal,Heatran,2026-08-17 05:05:41.093520
610424,0.02,0.2,999.0,0.19,0.1,Reverse Holofoil,Duraludon,2026-08-17 05:05:41.093520
610424,0.01,0.15,999.0,0.05,0.01,Normal,Duraludon,2026-08-17 05:05:41.093520
610425,0.01,0.15,999.0,0.09,0.01,Holofoil,Archaludon,2026-08-17 05:05:41.093520
610425,0.01,0.2,999.0,0.11,0.1,Reverse Holofoil,Archaludon,2026-08-17 05:05:41.093520
610426,0.01,0.25,999.0,0.26,0.2,Reverse Holofoil,Dreepy,2026-08-17 05:05:41.093520
610426,0.01,0.2,999.0,0.15,0.1,Normal,Dreepy,2026-08-17 05:05:41.093520
610427,0.01,0.25,999.0,0.2,,Reverse Holofoil,Drakloak,2026-08-17 05:05:41.093520
610427,0.01,0.2,999.0,0.19,0.1,Normal,Drakloak,2026-08-17 05:05:41.093520
610428,0.4,1.4,9999.0,1.35,,Holofoil,Dragapult ex - 073/131,2026-08-17 05:05:41.093520
610429,0.01,0.35,999.0,0.34,0.4,Reverse Holofoil,Eevee,2026-08-17 05:05:41.093520
610429,0.01,0.23,999.0,0.25,0.1,Normal,Eevee,2026-08-17 05:05:41.093520
610430,3.6,6.17,999.0,5.43,7.25,Holofoil,Eevee ex - 075/131,2026-08-17 05:05:41.093520
610431,0.9,1.63,999.0,1.76,,Holofoil,Snorlax ex,2026-08-17 05:05:41.093520
610432,0.01,0.2,999.0,0.17,0.01,Reverse Holofoil,Hoothoot,2026-08-17 05:05:41.093520
610432,0.01,0.15,999.0,0.07,0.01,Normal,Hoothoot,2026-08-17 05:05:41.093520
610433,0.04,0.25,999.0,0.25,0.18,Reverse Holofoil,Noctowl,2026-08-17 05:05:41.093520
610433,0.01,0.2,999.0,0.14,0.15,Holofoil,Noctowl,2026-08-17 05:05:41.093520
610434,0.01,0.2,999.0,0.2,0.16,Normal,Dunsparce,2026-08-17 05:05:41.093520
610434,0.02,0.25,999.0,0.22,0.19,Reverse Holofoil,Dunsparce,2026-08-17 05:05:41.093520
610435,0.24,0.6,999.0,0.57,,Reverse Holofoil,Dudunsparce,2026-08-17 05:05:41.093520
610435,0.17,0.51,999.0,0.49,,Holofoil,Dudunsparce,2026-08-17 05:05:41.093520
610436,0.05,0.2,999.0,0.17,0.1,Reverse Holofoil,Miltank,2026-08-17 05:05:41.093520
610436,0.01,0.15,999.0,0.09,0.01,Normal,Miltank,2026-08-17 05:05:41.093520
610437,0.8,1.58,999.0,1.57,,Holofoil,Lugia ex,2026-08-17 05:05:41.093520
610438,0.01,0.15,999.0,0.11,0.01,Normal,Buneary,2026-08-17 05:05:41.093520
610438,0.01,0.2,999.0,0.17,0.01,Reverse Holofoil,Buneary,2026-08-17 05:05:41.093520
610439,0.01,0.22,999.0,0.21,0.15,Reverse Holofoil,Lopunny,2026-08-17 05:05:41.093520
610439,0.01,0.15,999.0,0.05,0.01,Normal,Lopunny,2026-08-17 05:05:41.093520
610440,0.01,0.2,999.0,0.13,0.01,Normal,Fan Rotom,2026-08-17 05:05:41.093520
610440,0.03,0.25,999.0,0.22,0.2,Reverse Holofoil,Fan Rotom,2026-08-17 05:05:41.093520
610441,0.01,0.25,999.0,0.23,0.15,Reverse Holofoil,Regigigas,2026-08-17 05:05:41.093520
610441,0.01,0.16,999.0,0.12,0.01,Normal,Regigigas,2026-08-17 05:05:41.093520
610442,0.02,0.22,999.0,0.22,0.1,Reverse Holofoil,Shaymin,2026-08-17 05:05:41.093520
610442,0.01,0.15,999.0,0.03,0.01,Normal,Shaymin,2026-08-17 05:05:41.093520
610443,0.03,0.2,999.0,0.1,0.1,Reverse Holofoil,Furfrou,2026-08-17 05:05:41.093520
610443,0.01,0.15,999.0,0.03,0.01,Normal,Furfrou,2026-08-17 05:05:41.093520
610444,0.01,0.2,999.0,0.19,0.01,Reverse Holofoil,Hawlucha,2026-08-17 05:05:41.093520
610444,0.01,0.15,999.0,0.07,0.01,Normal,Hawlucha,2026-08-17 05:05:41.093520
610445,0.01,0.15,999.0,0.05,0.01,Normal,Noibat,2026-08-17 05:05:41.093520
610445,0.01,0.2,999.0,0.19,0.1,Reverse Holofoil,Noibat,2026-08-17 05:05:41.093520
610446,0.25,0.85,999.0,0.75,0.98,Holofoil,Noivern ex,2026-08-17 05:05:41.093520
610447,0.43,0.89,999.0,0.79,0.75,Holofoil,Terapagos ex - 092/131,2026-08-17 05:05:41.093520
610448,0.01,0.15,999.0,0.03,0.01,Normal,Amarys - 093/131,2026-08-17 05:05:41.093520
610448,0.01,0.2,999.0,0.14,0.01,Reverse Holofoil,Amarys - 093/131,2026-08-17 05:05:41.093520
610449,0.01,0.2,999.0,0.18,0.1,Normal,Area Zero Underdepths,2026-08-17 05:05:41.093520
610449,0.02,0.27,999.0,0.3,0.25,Reverse Holofoil,Area Zero Underdepths,2026-08-17 05:05:41.093520
610450,0.04,0.24,999.0,0.22,0.2,Reverse Holofoil,Binding Mochi,2026-08-17 05:05:41.093520
610450,0.01,0.2,999.0,0.24,0.14,Normal,Binding Mochi,2026-08-17 05:05:41.093520
610451,0.02,0.2,999.0,0.16,0.02,Reverse Holofoil,Black Belt's Training - 096/131,2026-08-17 05:05:41.093520
610451,0.01,0.15,999.0,0.12,0.01,Normal,Black Belt's Training - 096/131,2026-08-17 05:05:41.093520
610452,0.01,0.15,999.0,0.09,0.01,Normal,Black Belt's Training - 097/131,2026-08-17 05:05:41.093520
610452,0.01,0.2,999.0,0.11,0.1,Reverse Holofoil,Black Belt's Training - 097/131,2026-08-17 05:05:41.093520
610453,0.01,0.2,999.0,0.17,0.01,Reverse Holofoil,Black Belt's Training - 098/131,2026-08-17 05:05:41.093520
610453,0.01,0.15,999.0,0.05,0.01,Normal,Black Belt's Training - 098/131,2026-08-17 05:05:41.093520
610454,0.01,0.15,999.0,0.05,0.01,Normal,Black Belt's Training - 099/131,2026-08-17 05:05:41.093520
610454,0.01,0.2,999.0,0.17,0.01,Reverse Holofoil,Black Belt's Training - 099/131,2026-08-17 05:05:41.093520
610455,0.02,0.2,999.0,0.16,0.1,Reverse Holofoil,Briar,2026-08-17 05:05:41.093520
610455,0.01,0.18,999.0,0.18,0.01,Normal,Briar,2026-08-17 05:05:41.093520
610456,0.01,0.25,999.0,0.28,0.19,Normal,Buddy-Buddy Poffin,2026-08-17 05:05:41.093520
610456,0.01,0.29,999.0,0.29,,Reverse Holofoil,Buddy-Buddy Poffin,2026-08-17 05:05:41.093520
610457,0.01,0.22,999.0,0.22,0.19,Normal,Bug Catching Set,2026-08-17 05:05:41.093520
610457,0.05,0.25,999.0,0.22,,Reverse Holofoil,Bug Catching Set,2026-08-17 05:05:41.093520
610458,0.03,0.23,999.0,0.21,0.2,Reverse Holofoil,Carmine,2026-08-17 05:05:41.093520
610458,0.01,0.21,999.0,0.25,0.13,Normal,Carmine,2026-08-17 05:05:41.093520
610459,0.01,0.26,999.0,0.26,0.25,Reverse Holofoil,Ciphermaniac's Codebreaking,2026-08-17 05:05:41.093520
610459,0.01,0.19,999.0,0.17,0.1,Normal,Ciphermaniac's Codebreaking,2026-08-17 05:05:41.093520
610460,0.03,0.3,999.0,0.31,0.3,Reverse Holofoil,Crispin - 105/131,2026-08-17 05:05:41.093520
610460,0.01,0.24,999.0,0.2,,Normal,Crispin - 105/131,2026-08-17 05:05:41.093520
610461,0.01,0.25,999.0,0.24,0.1,Reverse Holofoil,Earthen Vessel,2026-08-17 05:05:41.093520
610461,0.01,0.2,999.0,0.2,0.1,Normal,Earthen Vessel,2026-08-17 05:05:41.093520
610462,0.01,0.23,999.0,0.23,0.15,Reverse Holofoil,Explorer's Guidance,2026-08-17 05:05:41.093520
610462,0.01,0.15,999.0,0.13,0.05,Normal,Explorer's Guidance,2026-08-17 05:05:41.093520
610463,0.01,0.18,999.0,0.16,0.1,Normal,Festival Grounds,2026-08-17 05:05:41.093520
610463,0.03,0.23,999.0,0.21,0.15,Reverse Holofoil,Festival Grounds,2026-08-17 05:05:41.093520
610464,0.01,0.15,999.0,0.11,0.01,Normal,Friends in Paldea - 109/131,2026-08-17 05:05:41.093520
610464,0.02,0.2,999.0,0.18,0.1,Reverse Holofoil,Friends in Paldea - 109/131,2026-08-17 05:05:41.093520
610465,0.01,0.15,999.0,0.11,0.01,Normal,Glass Trumpet,2026-08-17 05:05:41.093520
610465,0.01,0.21,999.0,0.17,0.1,Reverse Holofoil,Glass Trumpet,2026-08-17 05:05:41.093520
610466,0.01,0.15,999.0,0.06,0.01,Normal,Haban Berry,2026-08-17 05:05:41.093520
610466,0.01,0.2,999.0,0.17,0.01,Reverse Holofoil,Haban Berry,2026-08-17 05:05:41.093520
610467,0.01,0.23,999.0,0.21,0.17,Reverse Holofoil,Janine's Secret Art - 112/131,2026-08-17 05:05:41.093520
610467,0.01,0.2,999.0,0.14,0.05,Normal,Janine's Secret Art - 112/131,2026-08-17 05:05:41.093520
610468,0.01,0.18,999.0,0.15,0.08,Normal,Kieran - 113/131,2026-08-17 05:05:41.093520
610468,0.05,0.23,999.0,0.22,0.1,Reverse Holofoil,Kieran - 113/131,2026-08-17 05:05:41.093520
610469,0.01,0.19,999.0,0.16,0.01,Reverse Holofoil,Lacey - 114/131,2026-08-17 05:05:41.093520
610469,0.01,0.15,999.0,0.05,0.01,Normal,Lacey - 114/131,2026-08-17 05:05:41.093520
610470,0.03,0.23,999.0,0.21,0.2,Reverse Holofoil,Larry's Skill - 115/131,2026-08-17 05:05:41.093520
610470,0.01,0.17,999.0,0.09,0.01,Normal,Larry's Skill - 115/131,2026-08-17 05:05:41.093520
610471,0.24,0.8,999.0,0.67,0.73,Holofoil,Max Rod,2026-08-17 05:05:41.093520
610472,0.25,0.67,999.0,0.61,0.74,Holofoil,Maximum Belt,2026-08-17 05:05:41.093520
610473,0.02,0.2,999.0,0.18,0.1,Reverse Holofoil,Ogre's Mask,2026-08-17 05:05:41.093520
610473,0.01,0.15,999.0,0.06,0.01,Normal,Ogre's Mask,2026-08-17 05:05:41.093520
610474,0.23,0.66,999.0,0.55,,Holofoil,Prime Catcher,2026-08-17 05:05:41.093520
610475,0.01,0.2,999.0,0.2,0.13,Reverse Holofoil,Professor Sada's Vitality,2026-08-17 05:05:41.093520
610475,0.01,0.15,999.0,0.09,0.01,Normal,Professor Sada's Vitality,2026-08-17 05:05:41.093520
610476,0.01,0.22,999.0,0.21,0.1,Reverse Holofoil,Professor Turo's Scenario,2026-08-17 05:05:41.093520
610476,0.01,0.15,999.0,0.14,0.01,Normal,Professor Turo's Scenario,2026-08-17 05:05:41.093520
610477,0.01,0.2,999.0,0.18,0.1,Reverse Holofoil,Professor's Research [Professor Oak],2026-08-17 05:05:41.093520
610477,0.01,0.16,999.0,0.13,0.01,Normal,Professor's Research [Professor Oak],2026-08-17 05:05:41.093520
610478,0.01,0.15,999.0,0.07,0.01,Normal,Professor's Research [Professor Elm],2026-08-17 05:05:41.093520
610478,0.02,0.2,999.0,0.16,0.1,Reverse Holofoil,Professor's Research [Professor Elm],2026-08-17 05:05:41.093520
610479,0.01,0.22,999.0,0.2,0.15,Reverse Holofoil,Professor's Research [Professor Rowan],2026-08-17 05:05:41.093520
610479,0.01,0.15,999.0,0.13,0.01,Normal,Professor's Research [Professor Rowan],2026-08-17 05:05:41.093520
610480,0.01,0.15,999.0,0.08,0.01,Normal,Professor's Research [Professor Sycamore],2026-08-17 05:05:41.093520
610480,0.01,0.2,999.0,0.14,0.1,Reverse Holofoil,Professor's Research [Professor Sycamore],2026-08-17 05:05:41.093520
610481,0.01,0.15,999.0,0.07,0.01,Normal,Rescue Board,2026-08-17 05:05:41.093520
610481,0.01,0.2,999.0,0.15,0.1,Reverse Holofoil,Rescue Board,2026-08-17 05:05:41.093520
610482,0.01,0.24,999.0,0.21,0.21,Reverse Holofoil,Roto-Stick,2026-08-17 05:05:41.093520
610482,0.01,0.21,999.0,0.2,,Normal,Roto-Stick,2026-08-17 05:05:41.093520
610483,0.03,0.47,999.0,0.45,0.4,Holofoil,Scoop Up Cyclone,2026-08-17 05:05:41.093520
610484,0.1,0.45,999.0,0.34,0.44,Holofoil,Sparkling Crystal,2026-08-17 05:05:41.093520
610485,0.01,0.2,999.0,0.15,0.1,Reverse Holofoil,Techno Radar,2026-08-17 05:05:41.093520
610485,0.01,0.15,999.0,0.04,0.01,Normal,Techno Radar,2026-08-17 05:05:41.093520
610486,0.04,0.41,999.0,0.37,0.37,Holofoil,Treasure Tracker,2026-08-17 05:05:41.093520
610487,0.25,0.81,999.0,0.67,0.67,Holofoil,Amarys - 132/131,2026-08-17 05:05:41.093520
610488,0.29,0.84,999.0,0.6,0.81,Holofoil,Atticus - 133/131,2026-08-17 05:05:41.093520
610489,0.1,0.75,999.0,0.57,,Holofoil,Atticus - 134/131,2026-08-17 05:05:41.093520
610490,0.25,0.75,999.0,0.58,0.85,Holofoil,Brassius,2026-08-17 05:05:41.093520
610491,0.25,1.15,9999.0,0.94,1.25,Holofoil,Eri,2026-08-17 05:05:41.093520
610492,0.5,1.13,999.0,1.09,1.24,Holofoil,Friends in Paldea - 137/131,2026-08-17 05:05:41.093520
610493,0.25,0.75,999.0,0.49,,Holofoil,Giacomo,2026-08-17 05:05:41.093520
610494,0.25,0.99,999.0,0.78,,Holofoil,Larry's Skill - 139/131,2026-08-17 05:05:41.093520
610495,0.42,0.99,999.0,0.67,0.81,Holofoil,Mela,2026-08-17 05:05:41.093520
610496,0.19,0.75,999.0,0.58,0.65,Holofoil,Ortega,2026-08-17 05:05:41.093520
610497,0.4,0.93,999.0,0.75,0.68,Holofoil,Raifort,2026-08-17 05:05:41.093520
610498,0.15,0.69,999.0,0.57,,Holofoil,Tyme,2026-08-17 05:05:41.093520
610499,269.0,342.13,2294.01,335.13,412.89,Holofoil,Leafeon ex - 144/131,2026-08-17 05:05:41.093520
610500,18.0,23.24,9999.0,20.95,,Holofoil,Teal Mask Ogerpon ex - 145/131,2026-08-17 05:05:41.093520
610501,171.04,240.1,1595.1,225.26,,Holofoil,Flareon ex - 146/131,2026-08-17 05:05:41.093520
610502,100.0,118.18,1021.0,102.74,,Holofoil,Ceruledge ex,2026-08-17 05:05:41.093520
610503,16.0,20.32,999.0,18.49,,Holofoil,Hearthflame Mask Ogerpon ex - 148/131,2026-08-17 05:05:41.093520
610504,240.0,315.0,2000.0,300.41,,Holofoil,Vaporeon ex - 149/131,2026-08-17 05:05:41.093520
610505,238.78,298.68,1965.3,278.15,299.95,Holofoil,Glaceon ex - 150/131,2026-08-17 05:05:41.093520
610506,40.0,47.98,9999.0,42.67,,Holofoil,Palafin ex,2026-08-17 05:05:41.093520
610507,14.5,18.73,999.0,17.12,17.89,Holofoil,Wellspring Mask Ogerpon ex - 152/131,2026-08-17 05:05:41.093520
610508,179.96,210.0,1463.1,201.21,,Holofoil,Jolteon ex - 153/131,2026-08-17 05:05:41.093520
610509,28.0,36.0,999.0,31.8,,Holofoil,Iron Hands ex - 154/131,2026-08-17 05:05:41.093520
610510,263.25,332.79,1499.99,318.86,,Holofoil,Espeon ex - 155/131,2026-08-17 05:05:41.093520
610511,400.0,563.8,3495.78,509.52,563.8,Holofoil,Sylveon ex - 156/131,2026-08-17 05:05:41.093520
610512,45.0,53.22,999.0,47.24,,Holofoil,Iron Valiant ex,2026-08-17 05:05:41.093520
610513,33.0,39.0,999.0,36.34,39.22,Holofoil,Iron Crown ex,2026-08-17 05:05:41.093520
610514,24.0,28.05,999.0,25.98,,Holofoil,Sandy Shocks ex - 159/131,2026-08-17 05:05:41.093520
610515,12.46,16.1,999.0,13.06,,Holofoil,Cornerstone Mask Ogerpon ex - 160/131,2026-08-17 05:05:41.093520
610516,1224.85,1650.0,3996.62,1499.48,1909.0,Holofoil,Umbreon ex - 161/131,2026-08-17 05:05:41.093520
610517,150.91,184.01,1543.86,171.54,,Holofoil,Roaring Moon ex,2026-08-17 05:05:41.093520
610518,27.99,32.1,999.0,30.29,,Holofoil,Pecharunt ex,2026-08-17 05:05:41.093520
610519,46.44,55.07,999.0,50.84,54.0,Holofoil,Gholdengo ex,2026-08-17 05:05:41.093520
610520,100.0,119.38,1609.9,109.63,,Holofoil,Dragapult ex - 165/131,2026-08-17 05:05:41.093520
610521,65.87,74.99,999.0,68.99,74.35,Holofoil,Raging Bolt ex,2026-08-17 05:05:41.093520
610522,164.99,205.08,3009.8,186.44,201.96,Holofoil,Eevee ex - 167/131,2026-08-17 05:05:41.093520
610523,61.75,70.0,999.0,64.03,,Holofoil,Bloodmoon Ursaluna ex,2026-08-17 05:05:41.093520
610524,27.97,38.15,999.0,32.68,,Holofoil,Terapagos ex - 169/131,2026-08-17 05:05:41.093520
610525,11.49,15.44,999.0,13.18,,Holofoil,Amarys - 170/131,2026-08-17 05:05:41.093520
610526,26.08,37.44,999.0,32.23,34.45,Holofoil,Crispin - 171/131,2026-08-17 05:05:41.093520
610527,12.3,17.54,999.0,14.93,16.82,Holofoil,Drayton,2026-08-17 05:05:41.093520
610528,22.25,28.62,9999.0,26.13,,Holofoil,Janine's Secret Art - 173/131,2026-08-17 05:05:41.093520
610529,16.64,21.19,999.0,18.71,,Holofoil,Kieran - 174/131,2026-08-17 05:05:41.093520
610530,24.0,29.0,999.0,26.08,,Holofoil,Lacey - 175/131,2026-08-17 05:05:41.093520
610531,4.49,6.3,999.0,7.14,34.34,Holofoil,Iron Leaves ex,2026-08-17 05:05:41.093520
610532,7.0,9.98,999.0,8.93,24.95,Holofoil,Teal Mask Ogerpon ex - 177/131,2026-08-17 05:05:41.093520
610533,4.95,7.0,999.0,5.92,7.75,Holofoil,Walking Wake ex,2026-08-17 05:05:41.093520
610534,55.0,70.76,999.0,60.89,,Holofoil,Pikachu ex - 179/131,2026-08-17 05:05:41.093520
610535,8.0,11.25,999.0,9.85,13.18,Holofoil,Terapagos ex - 180/131,2026-08-17 05:05:41.093520
610536,0.09,0.36,999.0,0.31,0.48,Holofoil,Exeggcute (Poke Ball Pattern),2026-08-17 05:05:41.093520
610537,0.01,0.4,999.0,0.4,0.48,Holofoil,Exeggutor (Poke Ball Pattern),2026-08-17 05:05:41.093520
610538,0.15,0.36,999.0,0.35,0.4,Holofoil,Pinsir (Poke Ball Pattern),2026-08-17 05:05:41.093520
610539,0.2,0.79,9999.0,0.79,2.75,Holofoil,Budew (Poke Ball Pattern),2026-08-17 05:05:41.093520
610540,0.9,2.22,9999.0,1.91,4.24,Holofoil,Leafeon (Poke Ball Pattern),2026-08-17 05:05:41.093520
610541,0.01,0.35,999.0,0.34,0.33,Holofoil,Cottonee (Poke Ball Pattern),2026-08-17 05:05:41.093520
610542,0.05,0.39,999.0,0.37,0.4,Holofoil,Whimsicott (Poke Ball Pattern),2026-08-17 05:05:41.093520
610543,0.14,0.45,999.0,0.42,0.48,Holofoil,Applin (Poke Ball Pattern),2026-08-17 05:05:41.093520
610544,0.15,0.5,999.0,0.53,0.4,Holofoil,Dipplin (Poke Ball Pattern),2026-08-17 05:05:41.093520
610545,0.99,1.64,999.0,1.44,1.63,Holofoil,Flareon (Poke Ball Pattern),2026-08-17 05:05:41.093520
610546,0.1,0.36,999.0,0.31,0.37,Holofoil,Litleo (Poke Ball Pattern),2026-08-17 05:05:41.093520
610547,0.1,0.4,999.0,0.44,0.29,Holofoil,Pyroar (Poke Ball Pattern),2026-08-17 05:05:41.093520
610548,0.14,0.65,999.0,0.62,0.4,Holofoil,Slowpoke (Poke Ball Pattern),2026-08-17 05:05:41.093520
610549,0.15,0.43,999.0,0.37,,Holofoil,Slowking (Poke Ball Pattern),2026-08-17 05:05:41.093520
610550,0.05,0.45,999.0,0.36,0.4,Holofoil,Goldeen (Poke Ball Pattern),2026-08-17 05:05:41.093520
610551,0.16,0.47,999.0,0.45,0.86,Holofoil,Seaking (Poke Ball Pattern),2026-08-17 05:05:41.093520
610552,0.95,1.65,999.0,1.42,,Holofoil,Vaporeon (Poke Ball Pattern),2026-08-17 05:05:41.093520
610553,0.1,0.5,999.0,0.45,,Holofoil,Suicune (Poke Ball Pattern),2026-08-17 05:05:41.093520
610554,0.7,1.35,999.0,1.08,,Holofoil,Glaceon (Poke Ball Pattern),2026-08-17 05:05:41.093520
610555,0.6,1.59,9999.0,1.52,,Holofoil,Jolteon (Poke Ball Pattern),2026-08-17 05:05:41.093520
610557,0.99,2.0,999.0,2.12,6.99,Holofoil,Espeon (Poke Ball Pattern),2026-08-17 05:05:41.093520
610558,0.01,0.85,999.0,0.89,1.09,Holofoil,Duskull (Poke Ball Pattern),2026-08-17 05:05:41.093520
610559,0.01,0.5,999.0,0.44,0.54,Holofoil,Dusclops (Poke Ball Pattern),2026-08-17 05:05:41.093520
610560,0.28,0.6,999.0,0.54,0.74,Holofoil,Dusknoir (Poke Ball Pattern),2026-08-17 05:05:41.093520
610561,0.05,0.33,999.0,0.27,0.27,Holofoil,Spritzee (Poke Ball Pattern),2026-08-17 05:05:41.093520
610562,0.1,0.35,999.0,0.34,0.3,Holofoil,Aromatisse (Poke Ball Pattern),2026-08-17 05:05:41.093520
610563,1.5,2.81,999.0,2.45,4.24,Holofoil,Sylveon (Poke Ball Pattern),2026-08-17 05:05:41.093520
610564,0.01,0.37,999.0,0.28,0.34,Holofoil,Scream Tail (Poke Ball Pattern),2026-08-17 05:05:41.093520
610565,0.15,0.41,999.0,0.38,0.44,Holofoil,Flutter Mane (Poke Ball Pattern),2026-08-17 05:05:41.093520
610566,0.09,0.74,9999.0,0.61,0.69,Holofoil,Munkidori (Poke Ball Pattern),2026-08-17 05:05:41.093520
610567,0.04,0.35,999.0,0.31,0.32,Holofoil,Fezandipiti (Poke Ball Pattern),2026-08-17 05:05:41.093520
610568,0.07,0.31,999.0,0.27,0.1,Holofoil,Iron Boulder (Poke Ball Pattern),2026-08-17 05:05:41.093520
610569,0.1,0.4,999.0,0.37,0.62,Holofoil,Larvitar (Poke Ball Pattern),2026-08-17 05:05:41.093520
610570,0.1,0.35,999.0,0.32,,Holofoil,Pupitar (Poke Ball Pattern),2026-08-17 05:05:41.093520
610571,0.1,0.45,999.0,0.39,0.49,Holofoil,Groudon (Poke Ball Pattern),2026-08-17 05:05:41.093520
610572,0.19,0.5,999.0,0.45,0.62,Holofoil,Riolu (Poke Ball Pattern),2026-08-17 05:05:41.093520
610573,0.01,0.32,999.0,0.27,0.28,Holofoil,Hippopotas (Poke Ball Pattern),2026-08-17 05:05:41.093520
610574,0.01,0.35,999.0,0.34,,Holofoil,Hippowdon (Poke Ball Pattern),2026-08-17 05:05:41.093520
610575,0.15,0.41,1000.0,0.36,0.34,Holofoil,Bloodmoon Ursaluna (Poke Ball Pattern),2026-08-17 05:05:41.093520
610576,0.09,0.35,999.0,0.26,,Holofoil,Great Tusk (Poke Ball Pattern),2026-08-17 05:05:41.093520
610577,0.1,0.34,1000.0,0.31,,Holofoil,Okidogi (Poke Ball Pattern),2026-08-17 05:05:41.093520
610578,2.99,4.55,999.0,4.17,5.99,Holofoil,Umbreon (Poke Ball Pattern),2026-08-17 05:05:41.093520
610579,0.01,0.35,1023.81,0.33,0.28,Holofoil,Sneasel (Poke Ball Pattern),2026-08-17 05:05:41.093520
610580,0.12,0.36,1000.0,0.31,0.4,Holofoil,Houndour (Poke Ball Pattern),2026-08-17 05:05:41.093520
610581,0.01,0.43,999.0,0.38,0.57,Holofoil,Houndoom (Poke Ball Pattern),2026-08-17 05:05:41.093520
610582,0.1,0.4,999.0,0.33,0.35,Holofoil,Roaring Moon (Poke Ball Pattern),2026-08-17 05:05:41.093520
610583,0.01,0.31,999.0,0.26,0.24,Holofoil,Bronzor (Poke Ball Pattern),2026-08-17 05:05:41.093520
610584,0.07,0.31,1000.0,0.29,0.26,Holofoil,Bronzong (Poke Ball Pattern),2026-08-17 05:05:41.093520
610585,0.1,0.32,999.0,0.32,0.29,Holofoil,Heatran (Poke Ball Pattern),2026-08-17 05:05:41.093520
610586,0.01,0.35,999.0,0.29,0.27,Holofoil,Duraludon (Poke Ball Pattern),2026-08-17 05:05:41.093520
610587,0.07,0.34,999.0,0.34,0.28,Holofoil,Archaludon (Poke Ball Pattern),2026-08-17 05:05:41.093520
610588,0.35,1.0,9999.0,0.96,1.2,Holofoil,Dreepy (Poke Ball Pattern),2026-08-17 05:05:41.093520
610589,0.25,0.92,999.0,0.85,4.95,Holofoil,Drakloak (Poke Ball Pattern),2026-08-17 05:05:41.093520
610590,1.0,1.91,9999.0,1.7,,Holofoil,Eevee (Poke Ball Pattern),2026-08-17 05:05:41.093520
610591,0.1,0.4,999.0,0.38,,Holofoil,Hoothoot (Poke Ball Pattern),2026-08-17 05:05:41.093520
610592,0.12,0.44,999.0,0.35,,Holofoil,Noctowl (Poke Ball Pattern),2026-08-17 05:05:41.093520
610593,0.1,0.49,999.0,0.45,0.5,Holofoil,Dunsparce (Poke Ball Pattern),2026-08-17 05:05:41.093520
610594,0.5,1.14,999.0,1.15,1.55,Holofoil,Dudunsparce (Poke Ball Pattern),2026-08-17 05:05:41.093520
610595,0.05,0.4,999.0,0.39,0.37,Holofoil,Miltank (Poke Ball Pattern),2026-08-17 05:05:41.093520
610596,0.07,0.39,999.0,0.33,0.33,Holofoil,Buneary (Poke Ball Pattern),2026-08-17 05:05:41.093520
610597,0.1,0.4,999.0,0.33,0.38,Holofoil,Lopunny (Poke Ball Pattern),2026-08-17 05:05:41.093520
610598,0.01,0.42,999.0,0.31,0.34,Holofoil,Fan Rotom (Poke Ball Pattern),2026-08-17 05:05:41.093520
610599,0.15,0.42,999.0,0.42,0.37,Holofoil,Regigigas (Poke Ball Pattern),2026-08-17 05:05:41.093520
610600,0.03,0.35,999.0,0.33,,Holofoil,Shaymin (Poke Ball Pattern),2026-08-17 05:05:41.093520
610601,0.01,0.33,999.0,0.31,0.28,Holofoil,Furfrou (Poke Ball Pattern),2026-08-17 05:05:41.093520
610602,0.03,0.36,999.0,0.31,0.42,Holofoil,Hawlucha (Poke Ball Pattern),2026-08-17 05:05:41.093520
610603,0.04,0.37,999.0,0.32,0.36,Holofoil,Noibat (Poke Ball Pattern),2026-08-17 05:05:41.093520
610604,0.03,0.3,999.0,0.26,0.24,Holofoil,Amarys - 093/131 (Poke Ball Pattern),2026-08-17 05:05:41.093520
610605,0.1,0.4,999.0,0.34,0.37,Holofoil,Area Zero Underdepths (Poke Ball Pattern),2026-08-17 05:05:41.093520
610606,0.1,0.39,999.0,0.34,,Holofoil,Binding Mochi (Poke Ball Pattern),2026-08-17 05:05:41.093520
610607,0.08,0.34,999.0,0.29,0.33,Holofoil,Black Belt's Training - 096/131 (Poke Ball Pattern),2026-08-17 05:05:41.093520
610608,0.02,0.32,999.0,0.24,0.3,Holofoil,Black Belt's Training - 097/131 (Poke Ball Pattern),2026-08-17 05:05:41.093520
610609,0.01,0.33,999.0,0.26,0.3,Holofoil,Black Belt's Training - 098/131 (Poke Ball Pattern),2026-08-17 05:05:41.093520
610610,0.05,0.35,999.0,0.29,0.25,Holofoil,Black Belt's Training - 099/131 (Poke Ball Pattern),2026-08-17 05:05:41.093520
610611,0.05,0.33,999.0,0.29,0.29,Holofoil,Briar (Poke Ball Pattern),2026-08-17 05:05:41.093520
610612,0.4,0.88,9999.0,0.8,1.19,Holofoil,Buddy-Buddy Poffin (Poke Ball Pattern),2026-08-17 05:05:41.093520
610613,1.34,2.3,999.0,2.17,3.99,Holofoil,Bug Catching Set (Poke Ball Pattern),2026-08-17 05:05:41.093520
610614,0.01,0.38,999.0,0.29,0.4,Holofoil,Carmine (Poke Ball Pattern),2026-08-17 05:05:41.093520
610615,0.01,0.4,999.0,0.31,0.33,Holofoil,Ciphermaniac's Codebreaking (Poke Ball Pattern),2026-08-17 05:05:41.093520
610616,0.13,0.64,999.0,0.51,0.5,Holofoil,Crispin - 105/131 (Poke Ball Pattern),2026-08-17 05:05:41.093520
610617,0.1,0.48,999.0,0.41,0.34,Holofoil,Earthen Vessel (Poke Ball Pattern),2026-08-17 05:05:41.093520
610618,0.01,0.34,999.0,0.28,0.29,Holofoil,Explorer's Guidance (Poke Ball Pattern),2026-08-17 05:05:41.093520
610619,0.19,0.42,999.0,0.34,0.38,Holofoil,Festival Grounds (Poke Ball Pattern),2026-08-17 05:05:41.093520
610620,0.01,0.35,999.0,0.33,0.29,Holofoil,Friends in Paldea - 109/131 (Poke Ball Pattern),2026-08-17 05:05:41.093520
610621,0.01,0.33,999.0,0.29,0.29,Holofoil,Glass Trumpet (Poke Ball Pattern),2026-08-17 05:05:41.093520
610622,0.01,0.3,999.0,0.29,0.28,Holofoil,Haban Berry (Poke Ball Pattern),2026-08-17 05:05:41.093520
610623,0.1,0.36,999.0,0.33,0.33,Holofoil,Janine's Secret Art - 112/131 (Poke Ball Pattern),2026-08-17 05:05:41.093520
610624,0.01,0.4,999.0,0.37,,Holofoil,Kieran - 113/131 (Poke Ball Pattern),2026-08-17 05:05:41.093520
610625,0.06,0.34,9999.0,0.31,0.29,Holofoil,Lacey - 114/131 (Poke Ball Pattern),2026-08-17 05:05:41.093520
610626,0.1,0.35,999.0,0.28,0.29,Holofoil,Larry's Skill - 115/131 (Poke Ball Pattern),2026-08-17 05:05:41.093520
610627,0.1,0.32,1000.0,0.31,0.27,Holofoil,Ogre's Mask (Poke Ball Pattern),2026-08-17 05:05:41.093520
610628,0.01,0.34,999.0,0.34,0.3,Holofoil,Professor Sada's Vitality (Poke Ball Pattern),2026-08-17 05:05:41.093520
610629,0.01,0.36,999.0,0.34,0.28,Holofoil,Professor Turo's Scenario (Poke Ball Pattern),2026-08-17 05:05:41.093520
610630,0.1,0.4,999.0,0.38,0.33,Holofoil,Professor's Research [Professor Oak] (Poke Ball Pattern),2026-08-17 05:05:41.093520
610631,0.05,0.34,999.0,0.3,0.31,Holofoil,Professor's Research [Professor Elm] (Poke Ball Pattern),2026-08-17 05:05:41.093520
610632,0.09,0.35,999.0,0.32,0.29,Holofoil,Professor's Research [Professor Rowan] (Poke Ball Pattern),2026-08-17 05:05:41.093520
610633,0.06,0.35,999.0,0.31,0.3,Holofoil,Professor's Research [Professor Sycamore] (Poke Ball Pattern),2026-08-17 05:05:41.093520
610634,0.09,0.34,999.0,0.31,0.3,Holofoil,Rescue Board (Poke Ball Pattern),2026-08-17 05:05:41.093520
610635,0.05,0.42,999.0,0.37,0.4,Holofoil,Roto-Stick (Poke Ball Pattern),2026-08-17 05:05:41.093520
610636,0.09,0.33,999.0,0.3,0.26,Holofoil,Techno Radar (Poke Ball Pattern),2026-08-17 05:05:41.093520
610637,0.65,1.58,999.0,1.16,,Holofoil,Exeggcute (Master Ball Pattern),2026-08-17 05:05:41.093520
610638,9.27,11.57,999.0,10.56,,Holofoil,Exeggutor (Master Ball Pattern),2026-08-17 05:05:41.093520
610639,1.0,1.75,999.0,1.23,,Holofoil,Pinsir (Master Ball Pattern),2026-08-17 05:05:41.093520
610640,2.49,3.92,999.0,3.56,,Holofoil,Budew (Master Ball Pattern),2026-08-17 05:05:41.093520
610641,32.4,39.41,999.0,34.56,,Holofoil,Leafeon (Master Ball Pattern),2026-08-17 05:05:41.093520
610642,0.43,1.52,999.0,1.39,,Holofoil,Cottonee (Master Ball Pattern),2026-08-17 05:05:41.093520
610643,8.99,12.09,999.0,11.62,,Holofoil,Whimsicott (Master Ball Pattern),2026-08-17 05:05:41.093520
610644,1.93,3.08,999.0,2.48,24.48,Holofoil,Applin (Master Ball Pattern),2026-08-17 05:05:41.093520
610645,1.69,2.6,999.0,2.45,38.49,Holofoil,Dipplin (Master Ball Pattern),2026-08-17 05:05:41.093520
610646,28.75,33.16,999.0,30.04,,Holofoil,Flareon (Master Ball Pattern),2026-08-17 05:05:41.093520
610647,0.72,1.55,999.0,1.27,1.59,Holofoil,Litleo (Master Ball Pattern),2026-08-17 05:05:41.093520
610648,0.4,1.44,999.0,1.17,,Holofoil,Pyroar (Master Ball Pattern),2026-08-17 05:05:41.093520
610649,6.52,8.3,999.0,7.23,9.73,Holofoil,Slowpoke (Master Ball Pattern),2026-08-17 05:05:41.093520
610650,1.45,2.34,999.0,1.93,1.99,Holofoil,Slowking (Master Ball Pattern),2026-08-17 05:05:41.093520
610651,1.75,3.18,999.0,2.96,3.89,Holofoil,Goldeen (Master Ball Pattern),2026-08-17 05:05:41.093520
610652,1.0,3.33,999.0,3.28,3.23,Holofoil,Seaking (Master Ball Pattern),2026-08-17 05:05:41.093520
610653,35.1,41.55,999.0,38.42,,Holofoil,Vaporeon (Master Ball Pattern),2026-08-17 05:05:41.093520
610654,11.0,15.0,999.0,13.09,,Holofoil,Suicune (Master Ball Pattern),2026-08-17 05:05:41.093520
610655,22.66,34.31,999.0,27.77,,Holofoil,Glaceon (Master Ball Pattern),2026-08-17 05:05:41.093520
610656,23.89,34.17,9999.0,31.46,,Holofoil,Jolteon (Master Ball Pattern),2026-08-17 05:05:41.093520
610658,25.0,31.19,999.0,27.16,,Holofoil,Espeon (Master Ball Pattern),2026-08-17 05:05:41.093520
610659,1.69,2.92,999.0,2.5,3.37,Holofoil,Duskull (Master Ball Pattern),2026-08-17 05:05:41.093520
610660,1.5,2.22,999.0,1.92,,Holofoil,Dusclops (Master Ball Pattern),2026-08-17 05:05:41.093520
610661,7.0,11.0,999.0,10.37,,Holofoil,Dusknoir (Master Ball Pattern),2026-08-17 05:05:41.093520
610662,0.65,1.32,999.0,1.1,,Holofoil,Spritzee (Master Ball Pattern),2026-08-17 05:05:41.093520
610663,5.0,6.54,999.0,6.27,,Holofoil,Aromatisse (Master Ball Pattern),2026-08-17 05:05:41.093520
610664,32.59,36.28,999.0,32.73,,Holofoil,Sylveon (Master Ball Pattern),2026-08-17 05:05:41.093520
610665,8.0,9.99,999.0,9.14,10.0,Holofoil,Scream Tail (Master Ball Pattern),2026-08-17 05:05:41.093520
610666,10.82,13.74,999.0,11.45,,Holofoil,Flutter Mane (Master Ball Pattern),2026-08-17 05:05:41.093520
610667,10.49,12.21,999.0,11.02,,Holofoil,Munkidori (Master Ball Pattern),2026-08-17 05:05:41.093520
610668,4.99,7.0,999.0,6.1,,Holofoil,Fezandipiti (Master Ball Pattern),2026-08-17 05:05:41.093520
610669,5.76,8.0,999.0,7.3,,Holofoil,Iron Boulder (Master Ball Pattern),2026-08-17 05:05:41.093520
610670,1.68,2.59,999.0,2.45,,Holofoil,Larvitar (Master Ball Pattern),2026-08-17 05:05:41.093520
610671,8.0,9.73,999.0,9.16,,Holofoil,Pupitar (Master Ball Pattern),2026-08-17 05:05:41.093520
610672,8.84,11.6,999.0,10.26,,Holofoil,Groudon (Master Ball Pattern),2026-08-17 05:05:41.093520
610673,11.75,15.0,999.0,13.06,,Holofoil,Riolu (Master Ball Pattern),2026-08-17 05:05:41.093520
610674,0.73,1.3,999.0,1.09,,Holofoil,Hippopotas (Master Ball Pattern),2026-08-17 05:05:41.093520
610675,5.0,8.0,999.0,8.04,29.99,Holofoil,Hippowdon (Master Ball Pattern),2026-08-17 05:05:41.093520
610676,8.1,9.16,999.0,8.48,,Holofoil,Bloodmoon Ursaluna (Master Ball Pattern),2026-08-17 05:05:41.093520
610677,5.36,6.52,999.0,5.73,6.69,Holofoil,Great Tusk (Master Ball Pattern),2026-08-17 05:05:41.093520
610678,5.65,7.25,999.0,7.2,24.9,Holofoil,Okidogi (Master Ball Pattern),2026-08-17 05:05:41.093520
610679,67.49,86.37,999.0,80.43,,Holofoil,Umbreon (Master Ball Pattern),2026-08-17 05:05:41.093520
610680,0.75,1.44,999.0,1.19,,Holofoil,Sneasel (Master Ball Pattern),2026-08-17 05:05:41.093520
610681,0.7,1.61,999.0,1.2,,Holofoil,Houndour (Master Ball Pattern),2026-08-17 05:05:41.093520
610682,8.6,11.95,999.0,10.74,,Holofoil,Houndoom (Master Ball Pattern),2026-08-17 05:05:41.093520
610683,5.4,8.05,9999.0,7.71,10.27,Holofoil,Roaring Moon (Master Ball Pattern),2026-08-17 05:05:41.093520
610684,0.7,1.22,999.0,1.0,1.72,Holofoil,Bronzor (Master Ball Pattern),2026-08-17 05:05:41.093520
610685,4.15,5.23,999.0,4.96,,Holofoil,Bronzong (Master Ball Pattern),2026-08-17 05:05:41.093520
610686,0.73,1.25,999.0,1.05,,Holofoil,Heatran (Master Ball Pattern),2026-08-17 05:05:41.093520
610687,0.75,2.14,999.0,2.06,4.45,Holofoil,Duraludon (Master Ball Pattern),2026-08-17 05:05:41.093520
610688,4.0,5.35,999.0,4.69,,Holofoil,Archaludon (Master Ball Pattern),2026-08-17 05:05:41.093520
610689,1.98,3.25,9999.0,2.55,2.99,Holofoil,Dreepy (Master Ball Pattern),2026-08-17 05:05:41.093520
610690,1.9,3.5,999.0,2.94,9.99,Holofoil,Drakloak (Master Ball Pattern),2026-08-17 05:05:41.093520
610691,15.51,22.89,999.0,19.94,22.75,Holofoil,Eevee (Master Ball Pattern),2026-08-17 05:05:41.093520
610692,0.89,1.75,999.0,1.46,,Holofoil,Hoothoot (Master Ball Pattern),2026-08-17 05:05:41.093520
610693,6.79,8.92,999.0,8.02,,Holofoil,Noctowl (Master Ball Pattern),2026-08-17 05:05:41.093520
610694,1.25,2.01,999.0,1.99,2.95,Holofoil,Dunsparce (Master Ball Pattern),2026-08-17 05:05:41.093520
610695,16.51,21.04,999.0,19.92,99.98,Holofoil,Dudunsparce (Master Ball Pattern),2026-08-17 05:05:41.093520
610696,0.01,1.58,999.0,1.42,1.79,Holofoil,Miltank (Master Ball Pattern),2026-08-17 05:05:41.093520
610697,1.0,1.5,999.0,1.17,,Holofoil,Buneary (Master Ball Pattern),2026-08-17 05:05:41.093520
610698,6.72,9.7,999.0,9.01,,Holofoil,Lopunny (Master Ball Pattern),2026-08-17 05:05:41.093520
610699,1.0,2.25,999.0,2.16,22.49,Holofoil,Fan Rotom (Master Ball Pattern),2026-08-17 05:05:41.093520
610700,1.0,1.77,999.0,1.6,1.99,Holofoil,Regigigas (Master Ball Pattern),2026-08-17 05:05:41.093520
610701,3.5,7.65,999.0,7.25,9.41,Holofoil,Shaymin (Master Ball Pattern),2026-08-17 05:05:41.093520
610702,5.25,9.79,999.0,9.68,,Holofoil,Furfrou (Master Ball Pattern),2026-08-17 05:05:41.093520
610703,0.75,1.5,999.0,1.14,,Holofoil,Hawlucha (Master Ball Pattern),2026-08-17 05:05:41.093520
610704,0.01,1.5,999.0,1.36,1.35,Holofoil,Noibat (Master Ball Pattern),2026-08-17 05:05:41.093520
614046,0.01,0.05,999.0,0.03,,Normal,Code Card - Prismatic Evolutions Booster Pack,2026-08-17 05:05:41.093520
614356,1099.99,1130.56,1250.0,898.09,,Normal,Prismatic Evolutions Mini Tin Display Case,2026-08-17 05:05:41.093520
615027,2264.95,2525.0,3499.95,2341.91,,Normal,Prismatic Evolutions Booster Bundle Case,2026-08-17 05:05:41.093520
616163,0.01,0.15,999.0,0.09,,Normal,Code Card - Prismatic Evolutions Elite Trainer Box,2026-08-17 05:05:41.093520
616165,1.0,1.44,999.0,1.39,,Normal,Code Card - Prismatic Evolutions Pokemon Center Elite Trainer Box,2026-08-17 05:05:41.093520
616171,0.04,0.1,999.0,0.06,,Normal,Code Card - Prismatic Evolutions Tech Sticker Collection [Glaceon],2026-08-17 05:05:41.093520
616180,0.01,0.06,999.0,0.06,,Normal,Code Card - Prismatic Evolutions Poster Collection,2026-08-17 05:05:41.093520
617807,69.99,69.99,69.99,,,Normal,Prismatic Evolutions Sleeved Booster Pack Art Bundle [Set of 4],2026-08-17 05:05:41.093520
617823,58.87,59.98,88.95,59.78,,Normal,Prismatic Evolutions Booster Pack Art Bundle [Set of 4],2026-08-17 05:05:41.093520
620024,910.0,999.99,20000.0,830.79,,Normal,Prismatic Evolutions 2-Pack Blister Case,2026-08-17 05:05:41.093520
622770,254.49,325.0,1499.99,262.44,,Normal,Prismatic Evolutions Super-Premium Collection,2026-08-17 05:05:41.093520
625144,0.01,0.19,999.0,0.17,,Normal,Code Card - Prismatic Evolutions Surprise Box,2026-08-17 05:05:41.093520
629828,475.0,797.5,1195.95,311.5,,Normal,Prismatic Evolutions Accessory Pouch Special Collection Case,2026-08-17 05:05:41.093520
630093,0.04,0.07,999.0,0.06,,Normal,Code Card - Prismatic Evolutions 2-Pack Blister,2026-08-17 05:05:41.093520
632695,0.27,1.38,999.0,1.5,,Normal,Code Card - Prismatic Evolutions Super-Premium Collection,2026-08-17 05:05:41.093520
635011,13000.0,13000.0,13000.0,,,Normal,Prismatic Evolution Booster Bundle Display Case,2026-08-17 05:05:41.093520
638058,1195.95,1429.44,5000.0,1292.8,,Normal,Prismatic Evolutions Super-Premium Collection Case,2026-08-17 05:05:41.093520
650799,210.0,263.44,750.0,220.43,,Normal,Prismatic Evolutions Premium Figure Collection,2026-08-17 05:05:41.093520
650804,1279.0,1700.0,2124.0,1321.62,,Normal,Prismatic Evolutions Premium Figure Collection Case,2026-08-17 05:05:41.093520
670607,193.0,200.0,336.0,200.01,,Normal,Prismatic Evolutions Elite Trainer Box (Dollar General Exclusive),2026-08-17 05:05:41.093520
670608,1500.0,1750.0,2000.0,,,Normal,Prismatic Evolutions Elite Trainer Box Case (Dollar General Exclusive),2026-08-17 05:05:41.093520
678555,149.0,166.99,500.0,150.41,,Normal,Prismatic Evolutions Booster Bundle + Surprise Box Bundle (Sam's Club),2026-08-17 05:05:41.093520
